fy,nominal_gdp_trillion_yen
1994,522.0403
1995,534.7062
1996,549.359
1997,552.2606999999999
1998,540.9567
1999,536.8624
2000,545.8445
2001,535.3987
2002,530.5473000000001
2003,532.4111
2004,534.6031999999999
2005,538.8724
2006,542.8157
2007,543.816
2008,522.4717
2009,500.842
2010,509.17940000000004
2011,504.2047
2012,504.5383
2013,519.1542000000001
2014,533.7461
2015,551.9449000000001
2016,556.2733000000001
2017,567.6681
2018,569.9444
2019,570.6189
2020,554.5918
2021,576.1974
2022,591.5938000000001
2023,620.6055
2024,645.1387
2025,672.6695
