year,nominal_wage_index,real_wage_index
1990,100.3,111.8
1991,104.8,113.1
1992,106.9,113.5
1993,107.1,112.4
1994,108.7,113.6
1995,109.9,115.1
1996,111.1,116.5
1997,112.9,116.4
1998,111.4,114.1
1999,109.7,112.7
2000,109.8,113.9
2001,108.1,113.2
2002,104.9,111.0
2003,104.1,110.5
2004,103.6,110.0
2005,104.3,111.2
2006,104.5,111.1
2007,103.5,109.9
2008,103.3,107.9
2009,99.3,105.3
2010,99.9,106.8
2011,99.7,106.9
2012,98.8,105.9
2013,98.5,105.1
2014,99.0,102.3
2015,99.1,101.3
2016,99.7,102.0
2017,100.2,101.9
2018,101.6,102.1
2019,101.2,101.2
2020,100.0,100.0
2021,100.3,100.6
2022,102.3,99.6
2023,103.5,97.1
2024,109.2,99.3
2025,111.7,98.0
