year,primary_income,direct_investment_income,reinvested_earnings
1996,6.1544,1.5364,0.5121
1997,6.8733,1.3004,0.4272
1998,6.6146,0.7682,-0.1331
1999,6.4953,0.3554,0.1212
2000,7.6914,1.7942,1.0054
2001,8.2009,1.3434,0.4575
2002,7.8105,0.9879,0.3866
2003,8.6398,1.3017,0.7255
2004,10.3488,2.4431,1.5105
2005,11.8503,2.7367,1.7083
2006,14.2277,3.4503,2.0609
2007,16.4818,3.5805,1.8643
2008,14.3402,2.0284,0.3323
2009,12.6312,3.3171,0.8995
2010,13.6173,4.0537,1.6132
2011,14.621,4.4044,1.8477
2012,13.9914,3.9332,1.6637
2013,17.6978,6.6091,2.9795
2014,19.4148,7.8273,3.5091
2015,21.3032,8.7728,4.1406
2016,19.1478,8.2975,4.9327
2017,20.6843,9.7491,5.5004
2018,21.4026,10.5321,5.6184
2019,21.5531,11.2322,5.8842
2020,19.4387,9.7596,4.5151
2021,26.3092,16.6208,9.7779
2022,35.0417,22.8572,10.7687
2023,36.5662,22.5443,12.1358
2024,40.3284,24.6552,11.432
2025,41.8201,26.205,11.215
