date,reserves_ex_gold_usd_mn,jpy_per_usd
1971-01-01,4439.63,358.02
1971-02-01,4774.12,357.545
1971-03-01,5359.67,357.5187
1971-04-01,5456.15,357.5032
1971-05-01,6476.52,357.413
1971-06-01,7159.52,357.4118
1971-07-01,7458.32,357.4043
1971-08-01,11835.32,355.78
1971-09-01,12705.33,338.021
1971-10-01,13420.66,331.1105
1971-11-01,14156.67,328.752
1971-12-01,14621.9012549144,320.0727
1972-01-01,15219.2045502331,312.72
1972-02-01,15706.2045502331,305.187
1972-03-01,15865.7109288581,302.5365
1972-04-01,15737.1135670682,303.5605
1972-05-01,15231.9570609315,304.3795
1972-06-01,15042.4948710759,302.4145
1972-07-01,15081.6771630277,301.0305
1972-08-01,15569.7451832297,301.1609
1972-09-01,15686.8932208098,301.119
1972-10-01,16994.0773042246,301.011
1972-11-01,17609.7024603015,300.9885
1972-12-01,17563.6145172147,301.2405
1973-01-01,17054.7413289884,301.7882
1973-02-01,18244.038785431,278.4206
1973-03-01,17234.812776616,261.9014
1973-04-01,15945.130889885,265.4914
1973-05-01,14978.1943436663,264.6505
1973-06-01,14308.4076858428,264.4981
1973-07-01,14266.3410352547,264.5538
1973-08-01,14235.0578456832,265.22
1973-09-01,13903.8591605825,265.4747
1973-10-01,13157.6344184313,266.3348
1973-11-01,12305.1080899356,278.2625
1973-12-01,11354.5531710616,280.1775
1974-01-01,10675.0109791206,298.1336
1974-02-01,11008.3760795408,291.0872
1974-03-01,11534.3646192718,282.1648
1974-04-01,11822.6166851374,277.7741
1974-05-01,12275.1436168178,278.9664
1974-06-01,12537.1556802716,282.97
1974-07-01,12309.29217731,290.98
1974-08-01,12028.3151985694,302.2836
1974-09-01,12291.9458447309,299.084
1974-10-01,12567.980259129,299.3645
1974-11-01,12846.2742121938,300.075
1974-12-01,12614.2878217191,300.4114
1975-01-01,12593.865531749,299.6845
1975-02-01,13037.0518033426,291.6583
1975-03-01,13231.1951814042,287.9486
1975-04-01,13420.0378405577,292.1968
1975-05-01,13635.5057121347,291.4305
1975-06-01,13690.6974262388,293.4662
1975-07-01,13755.6816270219,296.3741
1975-08-01,13213.1656355212,297.9762
1975-09-01,12409.0236011957,299.909
1975-10-01,12315.859001016,302.3364
1975-11-01,12093.2653067056,302.5453
1975-12-01,11950.2071378839,305.67
1976-01-01,12289.209136548,304.6357
1976-02-01,13088.0406851245,301.5944
1976-03-01,13328.3239803221,300.5183
1976-04-01,14089.0264216273,299.1086
1976-05-01,14365.4745169524,299.004
1976-06-01,14550.4197353781,299.1909
1976-07-01,15092.3156955296,294.641
1976-08-01,15440.2645191411,290.6259
1976-09-01,15633.4995855914,287.361
1976-10-01,15724.7775823085,291.189
1976-11-01,15876.1095801439,295.1653
1976-12-01,15746.2524332972,294.7017
1977-01-01,15846.5511137859,291.0524
1977-02-01,16187.1942130424,285.0221
1977-03-01,16359.7259410063,280.2265
1977-04-01,16681.0827401033,275.2071
1977-05-01,16703.0595004984,277.4262
1977-06-01,16838.4805966755,272.8609
1977-07-01,17086.6964823214,264.8632
1977-08-01,17292.2906133179,266.6774
1977-09-01,17392.9098285531,266.77
1977-10-01,19094.3270976569,254.7445
1977-11-01,21665.8238884178,244.7026
1977-12-01,22340.9676913354,241.0229
1978-01-01,22867.8014025151,241.081
1978-02-01,23674.5637854237,240.3722
1978-03-01,28601.1911926123,231.8574
1978-04-01,26929.2501250739,221.857
1978-05-01,27110.7722921927,226.1786
1978-06-01,26721.9739724019,214.1064
1978-07-01,28728.4121777489,199.6955
1978-08-01,28559.540477778,188.7096
1978-09-01,28591.3325672359,189.9195
1978-10-01,28511.452680593,183.631
1978-11-01,31674.127907048,192.1425
1978-12-01,32407.2561602846,195.955
1979-01-01,32504.5902097353,197.755
1979-02-01,32081.2699544389,200.5072
1979-03-01,28207.9143154366,206.3236
1979-04-01,25311.8784627547,216.2852
1979-05-01,23374.0403558822,218.4141
1979-06-01,24158.3800750166,218.5967
1979-07-01,24287.6818478245,216.51
1979-08-01,24383.7143921107,217.9257
1979-09-01,24541.4377868336,222.4137
1979-10-01,22498.1771175303,230.4845
1979-11-01,19377.9169433132,244.9842
1979-12-01,19521.5216150025,240.3745
1980-01-01,20209.9857549847,237.8886
1980-02-01,19999.7509821809,244.35
1980-03-01,17802.1854301526,248.4786
1980-04-01,18246.3547657932,250.275
1980-05-01,20650.8991887224,228.6286
1980-06-01,21942.7519081923,217.9176
1980-07-01,22100.1519329063,221.1364
1980-08-01,22353.7536902534,223.9138
1980-09-01,23074.4729284976,214.4167
1980-10-01,24054.9636764167,209.3227
1980-11-01,24308.3145099217,213.1059
1980-12-01,24636.4589738916,209.4886
1981-01-01,25920.8522590319,202.3667
1981-02-01,26170.0798600268,205.7167
1981-03-01,26502.8201736653,208.7918
1981-04-01,26926.1739418738,214.9759
1981-05-01,27282.4959140412,220.6285
1981-06-01,27463.9941471379,224.1805
1981-07-01,27147.931772323,232.3261
1981-08-01,27292.2320275466,233.3262
1981-09-01,27634.4445194323,229.481
1981-10-01,28099.5959424928,231.519
1981-11-01,28581.2606601958,223.1267
1981-12-01,28208.3993801853,218.9545
1982-01-01,28053.2194713892,224.805
1982-02-01,27933.8990347689,235.3056
1982-03-01,27117.1941267633,241.2283
1982-04-01,26845.1569952251,244.1068
1982-05-01,26580.8673603641,236.9635
1982-06-01,25430.8405916977,251.1977
1982-07-01,25613.7652496197,255.031
1982-08-01,24415.0236589627,259.0455
1982-09-01,24008.5687518,263.2857
1982-10-01,22859.6517479084,271.615
1982-11-01,22995.8040588633,264.0879
1982-12-01,23333.9582409429,241.9413
1983-01-01,23663.1506080486,232.731
1983-02-01,23929.6918563497,236.1211
1983-03-01,24188.6361702888,238.2543
1983-04-01,24554.5087823592,237.7467
1983-05-01,24886.7223121757,234.7557
1983-06-01,25072.4685846141,240.0314
1983-07-01,25225.7789554289,240.516
1983-08-01,24674.6447346043,244.4613
1983-09-01,24959.6937757685,242.3462
1983-10-01,24984.8986955435,232.8855
1983-11-01,24811.8205036989,235.03
1983-12-01,24601.5961935168,234.4624
1984-01-01,24773.6710072125,233.8
1984-02-01,25108.2662245264,233.5963
1984-03-01,25233.5991085302,225.2664
1984-04-01,25425.7644023526,225.2
1984-05-01,25485.76673193,230.4777
1984-06-01,25309.2917203758,233.5657
1984-07-01,25223.2477580179,243.0676
1984-08-01,25515.5933471595,242.2609
1984-09-01,25594.9110889111,245.4568
1984-10-01,25850.5662238126,246.7545
1984-11-01,26232.9770076279,243.6305
1984-12-01,26429.149250773,247.964
1985-01-01,26679.0460723785,254.1829
1985-02-01,26383.8958073491,260.4778
1985-03-01,26687.6538503258,257.9205
1985-04-01,26987.8855596634,251.8455
1985-05-01,27431.5024327276,251.7295
1985-06-01,27631.0165315657,248.84
1985-07-01,28166.8004107969,241.1364
1985-08-01,28530.4595378116,237.4609
1985-09-01,27629.0154778426,236.5275
1985-10-01,26458.4145787342,214.6805
1985-11-01,26461.9150815515,204.0737
1985-12-01,26718.6414762742,202.7881
1986-01-01,27172.7467915597,199.8905
1986-02-01,27799.8749494319,184.8516
1986-03-01,28095.5530260776,178.6938
1986-04-01,31290.983712972,175.0918
1986-05-01,32644.4839388189,167.0314
1986-06-01,34034.3430953475,167.5419
1986-07-01,38461.3829461209,158.6059
1986-08-01,41307.9638417534,154.1771
1986-09-01,41536.1824976945,154.7314
1986-10-01,41722.5215668126,156.4723
1986-11-01,42033.6519171185,162.8494
1986-12-01,42256.6232554157,162.0523
1987-01-01,51477.4720496895,154.8295
1987-02-01,51709.3401683902,153.4068
1987-03-01,58280.9577542651,151.4332
1987-04-01,68502.383102124,142.8986
1987-05-01,68791.7600514635,140.479
1987-06-01,69034.8540756077,144.5495
1987-07-01,69529.3399566611,150.2939
1987-08-01,70393.8637045466,147.3343
1987-09-01,71782.3703533085,143.291
1987-10-01,72664.2916308871,143.32
1987-11-01,77635.2128147711,135.3974
1987-12-01,80972.8790733306,128.2418
1988-01-01,82915.505137735,127.6853
1988-02-01,83294.2357944879,129.1665
1988-03-01,84251.3784803629,127.1139
1988-04-01,86160.8093293654,124.8976
1988-05-01,86534.6051399637,124.7871
1988-06-01,86890.8152031455,127.4655
1988-07-01,88082.399574755,133.0215
1988-08-01,89403.8848110886,133.7661
1988-09-01,90284.2497161144,134.3176
1988-10-01,91588.2999502012,128.6805
1988-11-01,96201.3918865372,123.202
1988-12-01,96728.1674852983,123.6076
1989-01-01,97262.9438923993,127.3625
1989-02-01,97860.1362723333,127.7374
1989-03-01,98405.0289308014,130.5504
1989-04-01,99409.2360943756,132.0365
1989-05-01,94801.883099117,137.8636
1989-06-01,88534.5542925516,143.9809
1989-07-01,87902.4110982361,140.424
1989-08-01,87413.2681774553,141.4852
1989-09-01,85129.7066050655,145.07
1989-10-01,83303.941066728,142.2067
1989-11-01,83736.5374016509,143.5343
1989-12-01,83957.3717770126,143.685
1990-01-01,81767.9186086588,144.9819
1990-02-01,80424.9286024677,145.6932
1990-03-01,73540.6309285324,153.3082
1990-04-01,73310.7335660419,158.4586
1990-05-01,73830.8687597581,154.0441
1990-06-01,74140.7866977335,153.6957
1990-07-01,75321.2839428618,149.0395
1990-08-01,76079.7751444846,147.4609
1990-09-01,76339.3067817853,138.4405
1990-10-01,77251.998912608,129.5909
1990-11-01,77731.2300218294,129.2155
1990-12-01,78500.5721500619,133.889
1991-01-01,79073.9592240811,133.6986
1991-02-01,79540.4256491846,130.5358
1991-03-01,72790.9178345921,137.3867
1991-04-01,70810.9563433536,137.1127
1991-05-01,71053.5695897023,138.2218
1991-06-01,70720.9056182139,139.7475
1991-07-01,70392.1309463461,137.83
1991-08-01,69765.813557056,136.8164
1991-09-01,69856.123119015,134.2995
1991-10-01,70129.446289236,130.7723
1991-11-01,70874.3928423494,129.6321
1991-12-01,72058.8482455764,128.0395
1992-01-01,71708.8363026619,125.4614
1992-02-01,71160.2198409192,127.6989
1992-03-01,71160.8559670782,132.8627
1992-04-01,71071.3144946991,133.5395
1992-05-01,71033.7002527333,130.771
1992-06-01,70502.4471254991,126.8355
1992-07-01,71050.1716249783,125.8817
1992-08-01,72244.630647864,126.231
1992-09-01,72348.2199835042,122.5967
1992-10-01,71343.1624840075,121.1652
1992-11-01,71424.7666137146,123.88
1992-12-01,71622.7065051494,124.0409
1993-01-01,72166.7971395011,124.9932
1993-02-01,72142.5561931498,120.7595
1993-03-01,73031.8976168845,117.0174
1993-04-01,79971.5180037264,112.4114
1993-05-01,82512.4974451789,110.343
1993-06-01,89418.6275173626,107.4118
1993-07-01,89531.0639426132,107.6914
1993-08-01,98357.7020729436,103.765
1993-09-01,98797.0190931025,105.5748
1993-10-01,98199.2257229711,107.02
1993-11-01,98374.5156288165,107.8765
1993-12-01,98524.3312391741,109.913
1994-01-01,98926.4105130032,111.4415
1994-02-01,101422.0779128099,106.3011
1994-03-01,104756.1420338006,105.0974
1994-04-01,107599.0638868239,103.4843
1994-05-01,109933.3130890794,103.7533
1994-06-01,114559.1264367816,102.5264
1994-07-01,116799.1597178122,98.445
1994-08-01,118936.4795512124,99.9404
1994-09-01,120674.3774853775,98.7743
1994-10-01,123728.0298763379,98.353
1994-11-01,125176.8432241166,98.044
1994-12-01,125860.194539294,100.1824
1995-01-01,126914.4401462527,99.766
1995-02-01,127622.3646727947,98.2368
1995-03-01,143547.1979273463,90.5196
1995-04-01,155411.7599317304,83.6895
1995-05-01,156026.1186833587,85.1127
1995-06-01,158272.6933329359,84.6355
1995-07-01,159598.4580032314,87.397
1995-08-01,167535.3272185905,94.7383
1995-09-01,180735.175082471,100.5455
1995-10-01,181745.9939022203,100.839
1995-11-01,182089.3526022471,101.94
1995-12-01,183249.7725024081,101.8495
1996-01-01,183150.7065222914,105.7514
1996-02-01,200177.1450530342,105.788
1996-03-01,202712.3888012976,105.94
1996-04-01,204495.1748722864,107.1995
1996-05-01,207156.0221101484,106.3423
1996-06-01,208977.5088368548,108.96
1996-07-01,210990.4968007246,109.1909
1996-08-01,212792.428305927,107.8659
1996-09-01,213810.4465747194,109.931
1996-10-01,214989.451812343,112.4123
1996-11-01,215859.1626378706,112.2958
1996-12-01,216648.0118501881,113.981
1997-01-01,215953.5106391584,117.9124
1997-02-01,217084.4359776914,122.9621
1997-03-01,218180.8205034679,122.7738
1997-04-01,218737.250773571,125.6377
1997-05-01,220580.8534245794,119.1924
1997-06-01,221127.8058146363,114.2857
1997-07-01,221092.6560282484,115.3759
1997-08-01,222728.2883498826,117.9295
1997-09-01,224411.8066655108,120.89
1997-10-01,226976.5831320167,121.0605
1997-11-01,227213.6356970779,125.3817
1997-12-01,219648.2880394305,129.7341
1998-01-01,220387.3540034576,129.5475
1998-02-01,221996.8699967054,125.8516
1998-03-01,222460.4208868411,129.0823
1998-04-01,204616.4288817366,131.7536
1998-05-01,205829.7786405719,134.896
1998-06-01,204744.8187729026,140.3305
1998-07-01,206611.1523966024,140.7874
1998-08-01,208444.3451667978,144.68
1998-09-01,211163.1169669635,134.4805
1998-10-01,213040.7345472368,121.0486
1998-11-01,213758.8866870655,120.2895
1998-12-01,215470.62442359,117.0709
1999-01-01,221738.3505109507,113.29
1999-02-01,221007.0042264215,116.6684
1999-03-01,221371.3143742455,119.473
1999-04-01,221918.809678557,119.7723
1999-05-01,222496.7837861776,121.9995
1999-06-01,245244.5519641345,120.7245
1999-07-01,259537.1971485322,119.3305
1999-08-01,260177.3036613498,113.2268
1999-09-01,271194.4240939412,106.8752
1999-10-01,271587.279040676,105.965
1999-11-01,270797.140605868,104.6485
1999-12-01,286916.1568699037,102.5843
2000-01-01,292006.2912647497,105.296
2000-02-01,293331.6238766791,109.3885
2000-03-01,304369.9802938879,106.3074
2000-04-01,331917.9582325238,105.627
2000-05-01,334540.9420156897,108.3205
2000-06-01,337865.7557085106,106.1255
2000-07-01,338087.1197114842,108.2115
2000-08-01,338052.9989352846,108.0804
2000-09-01,342230.0873804805,106.8375
2000-10-01,342562.0641078947,108.4429
2000-11-01,347951.2290385769,109.0095
2000-12-01,354902.0723986794,112.209
2001-01-01,357727.2114176922,116.6719
2001-02-01,357142.3149465755,116.2337
2001-03-01,355146.0594787713,121.505
2001-04-01,356149.7217712485,123.771
2001-05-01,355322.9231686745,121.7682
2001-06-01,356008.8332102218,122.351
2001-07-01,361135.6810347323,124.4981
2001-08-01,365501.6055888419,121.367
2001-09-01,389804.6055891414,118.6117
2001-10-01,398842.3267235496,121.4536
2001-11-01,397101.9330396877,122.4055
2001-12-01,395155.0495189238,127.5945
2002-01-01,393931.0765111008,132.6833
2002-02-01,396182.8236035441,133.6426
2002-03-01,394102.4760599067,131.061
2002-04-01,399118.3834825424,130.7718
2002-05-01,411647.8062127161,126.375
2002-06-01,438362.290666656,123.2905
2002-07-01,445595.7330844419,117.8991
2002-08-01,448371.9578394983,118.9927
2002-09-01,452760.2271805596,121.078
2002-10-01,453177.2632602866,123.9077
2002-11-01,452621.1658181539,121.6079
2002-12-01,461185.6430354346,121.8929
2003-01-01,469550.4495882763,118.8133
2003-02-01,476716.0419534022,119.3379
2003-03-01,487942.5785958231,118.6871
2003-04-01,491156.7783068937,119.895
2003-05-01,534196.0713497641,117.3681
2003-06-01,537104.1173989421,118.329
2003-07-01,548107.798685445,118.6959
2003-08-01,545879.4887380935,118.6624
2003-09-01,595325.984634016,114.8
2003-10-01,616766.4452988982,109.4955
2003-11-01,634839.4078691927,109.1778
2003-12-01,663289.0935685723,107.7377
2004-01-01,731410.9327854452,106.2685
2004-02-01,767118.5500309335,106.7079
2004-03-01,816150.9615511028,108.5157
2004-04-01,805409.0945941041,107.6564
2004-05-01,807172.2446098007,112.196
2004-06-01,808214.1368674169,109.4336
2004-07-01,809574.0673701796,109.4871
2004-08-01,817934.90405178,110.2336
2004-09-01,820765.2645114567,110.0914
2004-10-01,827407.160633084,108.7835
2004-11-01,828932.0428256349,104.699
2004-12-01,833891.2945604369,103.8104
2005-01-01,830580.0847797032,103.341
2005-02-01,829850.7461861122,104.9442
2005-03-01,827199.6096828778,105.2543
2005-04-01,832881.801110587,107.1938
2005-05-01,832272.4074626359,106.5952
2005-06-01,832782.850046029,108.7473
2005-07-01,828823.3906607972,111.9535
2005-08-01,837106.6475953565,110.6065
2005-09-01,831920.6634546535,111.239
2005-10-01,830211.7211259868,114.8695
2005-11-01,831075.504003247,118.454
2005-12-01,834274.8543020895,118.4624
2006-01-01,837674.6408215064,115.4765
2006-02-01,836381.1334158952,117.8605
2006-03-01,837712.2494794946,117.2778
2006-04-01,844397.7537618733,117.0695
2006-05-01,848046.8661452971,111.7305
2006-06-01,849784.5365995822,114.625
2006-07-01,856377.0640643641,115.767
2006-08-01,863407.7619387144,115.9243
2006-09-01,866530.8312312224,117.2145
2006-10-01,870700.3058455609,118.609
2006-11-01,881038.9959155673,117.3205
2006-12-01,879681.5067893657,117.322
2007-01-01,879377.4990984574,120.4471
2007-02-01,888708.0652730985,120.5047
2007-03-01,892676.8087741819,117.26
2007-04-01,898967.4068929673,118.9324
2007-05-01,894921.259869501,120.7732
2007-06-01,897568.2424092704,122.6886
2007-07-01,907345.8418826712,121.4148
2007-08-01,915623.4030244882,116.7335
2007-09-01,927322.769089593,115.0435
2007-10-01,935060.8189597582,115.8661
2007-11-01,950908.2860763922,111.0729
2007-12-01,952784.4559426812,112.449
2008-01-01,973328.5395378516,107.8181
2008-02-01,984078.6209993816,107.03
2008-03-01,992619.749241886,100.7562
2008-04-01,982406.9843792372,102.6777
2008-05-01,975183.7263954933,104.3595
2008-06-01,978663.0933252088,106.9152
2008-07-01,982072.8498917252,106.8518
2008-08-01,976248.3351041534,109.3624
2008-09-01,974129.7978133482,106.5748
2008-10-01,959744.2116224072,99.9659
2008-11-01,982799.4054179928,96.9656
2008-12-01,1009364.7828065872,91.275
2009-01-01,988335.1573157924,90.1205
2009-02-01,985931.8595482868,92.9158
2009-03-01,996002.1671867034,97.855
2009-04-01,989743.632060776,98.92
2009-05-01,1000012.074424048,96.6445
2009-06-01,996184.1460179188,96.6145
2009-07-01,1001555.94680775,94.367
2009-08-01,1021492.986960961,94.8971
2009-09-01,1030791.181539188,91.2748
2009-10-01,1033884.200038475,90.3671
2009-11-01,1047473.91429648,89.2674
2009-12-01,1024899.798741458,89.9509
2010-01-01,1029178.187718461,91.1011
2010-02-01,1028171.967198116,90.1395
2010-03-01,1019588.819300486,90.7161
2010-04-01,1022158.156452018,93.4527
2010-05-01,1016767.195103756,91.973
2010-06-01,1024803.060146706,90.8059
2010-07-01,1040856.458069238,87.5005
2010-08-01,1045558.052018246,85.3727
2010-09-01,1085112.1309267413,84.3571
2010-10-01,1092742.614114008,81.7285
2010-11-01,1074521.272886647,82.518
2010-12-01,1069985.031214964,83.3376
2011-01-01,1070470.1047762453,82.625
2011-02-01,1067050.40128644,82.5368
2011-03-01,1080615.8986371,81.647
2011-04-01,1097759.391177772,83.1771
2011-05-01,1101717.493507284,81.1257
2011-06-01,1100758.7523402553,80.4259
2011-07-01,1110795.2525556013,79.2425
2011-08-01,1173880.621291833,76.9657
2011-09-01,1160731.043681747,76.7957
2011-10-01,1167506.391684482,76.643
2011-11-01,1261806.314038174,77.5595
2011-12-01,1258172.340310093,77.7967
2012-01-01,1263758.440525197,76.964
2012-02-01,1259330.723371777,78.47
2012-03-01,1247800.12857103,82.4659
2012-04-01,1248875.2089376587,81.2524
2012-05-01,1239348.179195003,79.6668
2012-06-01,1231181.753601899,79.3152
2012-07-01,1232833.705836038,78.9348
2012-08-01,1232647.945303368,78.6909
2012-09-01,1233267.259920516,78.1353
2012-10-01,1231830.3711204573,79.0132
2012-11-01,1228346.115282728,81.0305
2012-12-01,1227147.063679202,83.7905
2013-01-01,1226302.76218734,89.0581
2013-02-01,1219691.396187172,93.0016
2013-03-01,1214997.210803509,94.77
2013-04-01,1221784.23365641,97.7582
2013-05-01,1215898.160646868,100.9186
2013-06-01,1209351.061086279,97.235
2013-07-01,1221653.81652205,99.6727
2013-08-01,1219852.37896737,97.8123
2013-09-01,1240771.725745756,99.21
2013-10-01,1244137.846291323,97.77
2013-11-01,1244488.1482610707,100.0737
2013-12-01,1237217.761751349,103.46
2014-01-01,1246241.5683478953,103.7614
2014-02-01,1255532.503094806,102.1253
2014-03-01,1247526.257300776,102.3395
2014-04-01,1251081.48496025,102.4582
2014-05-01,1253118.062430679,101.7738
2014-06-01,1251528.819902114,102.0629
2014-07-01,1244368.208383292,101.74
2014-08-01,1246342.1670267773,102.9438
2014-09-01,1234441.23124457,107.4257
2014-10-01,1237244.928821477,108.0264
2014-11-01,1239944.742160457,116.2994
2014-12-01,1231009.767133568,119.3233
2015-01-01,1230062.142729858,118.25
2015-02-01,1221209.532619878,118.76
2015-03-01,1216078.993531566,120.3945
2015-04-01,1221000.983297399,119.5095
2015-05-01,1216408.746593619,120.798
2015-06-01,1214090.880739312,123.7186
2015-07-01,1215258.399711297,123.3109
2015-08-01,1216193.350161156,123.0038
2015-09-01,1221495.051661672,120.1476
2015-10-01,1216072.142483978,120.0481
2015-11-01,1206849.215545264,122.6432
2015-12-01,1207019.203627566,121.635
2016-01-01,1220692.708197527,118.2258
2016-02-01,1223709.32308536,114.6155
2016-03-01,1231603.7806509873,112.9317
2016-04-01,1230816.394652697,109.5519
2016-05-01,1224086.07088185,108.8481
2016-06-01,1232848.471961571,105.3509
2016-07-01,1231672.220987377,104.191
2016-08-01,1223782.705657126,101.2383
2016-09-01,1227547.4362727313,101.7843
2016-10-01,1211436.938985989,103.9075
2016-11-01,1190247.955139018,108.443
2016-12-01,1188326.843648839,115.9981
2017-01-01,1201624.188036058,114.8721
2017-02-01,1201341.254676684,112.9116
2017-03-01,1199593.189285782,112.9165
2017-04-01,1211022.725877524,110.091
2017-05-01,1220604.572008206,112.2436
2017-06-01,1219168.559202846,110.9141
2017-07-01,1228708.698672774,112.417
2017-08-01,1235594.055721472,109.827
2017-09-01,1234600.362053858,110.776
2017-10-01,1229533.053810702,112.9148
2017-11-01,1229608.199523004,112.819
2017-12-01,1232243.916612668,112.9405
2018-01-01,1235295.054811128,110.871
2018-02-01,1229187.348646722,107.97
2018-03-01,1235573.134296373,106.0468
2018-04-01,1223566.399735396,107.6562
2018-05-01,1222228.220806358,109.6882
2018-06-01,1227775.4838595793,110.0638
2018-07-01,1225959.471244474,111.521
2018-08-01,1229453.1142860353,110.9965
2018-09-01,1230192.0031337333,112.0974
2018-10-01,1222712.016086565,112.7218
2018-11-01,1228030.739515152,113.338
2018-12-01,1238935.321253381,112.1994
2019-01-01,1246225.3320381553,108.9605
2019-02-01,1248885.451473466,110.44
2019-03-01,1259251.486813701,111.1443
2019-04-01,1261260.255664291,111.6414
2019-05-01,1275399.361517585,109.9714
2019-06-01,1286857.4701889993,108.0685
2019-07-01,1280456.076115601,108.2864
2019-08-01,1293118.463304566,106.1886
2019-09-01,1285150.432750156,107.54
2019-10-01,1286396.2476902113,108.1368
2019-11-01,1280510.213096096,108.8579
2019-12-01,1284973.73911336,109.101
2020-01-01,1301939.80674899,109.2667
2020-02-01,1318087.86372931,110.0295
2020-03-01,1325252.226660243,107.6673
2020-04-01,1323901.716821366,107.7386
2020-05-01,1332801.151492825,107.2
2020-06-01,1336144.676626244,107.5782
2020-07-01,1350518.317633676,106.6818
2020-08-01,1346730.208106248,106.0129
2020-09-01,1339755.692292967,105.589
2020-10-01,1334464.328180848,105.2095
2020-11-01,1337596.480000858,104.4061
2020-12-01,1344283.264565795,103.7952
2021-01-01,1342338.191890303,103.7883
2021-02-01,1332672.621297474,105.3774
2021-03-01,1318667.4162352453,108.6991
2021-04-01,1326538.210511427,109.0445
2021-05-01,1331958.359301706,109.112
2021-06-01,1324702.3538058407,110.1073
2021-07-01,1333027.043581816,110.2143
2021-08-01,1371116.315187838,109.8527
2021-09-01,1358141.208784877,110.161
2021-10-01,1352621.7099220967,113.1215
2021-11-01,1356676.611368857,113.965
2021-12-01,1356244.3084256947,113.8329
2022-01-01,1337102.902402634,114.8255
2022-02-01,1332627.112184691,115.2763
2022-03-01,1303245.904939313,118.5774
2022-04-01,1270206.578218261,126.3743
2022-05-01,1279639.8913315467,128.8486
2022-06-01,1261832.317857598,133.9619
2022-07-01,1275342.155859042,136.709
2022-08-01,1245400.120590394,135.2835
2022-09-01,1192584.026839092,143.2843
2022-10-01,1149985.32513651,147.0515
2022-11-01,1178636.985091013,142.445
2022-12-01,1178279.3714624513,134.9148
2023-01-01,1197897.5716144673,130.4475
2023-02-01,1176415.663119696,133.0463
2023-03-01,1203213.3428858153,133.6643
2023-04-01,1211485.278511448,133.4745
2023-05-01,1201091.335065232,137.0532
2023-06-01,1195165.286956765,141.3581
2023-07-01,1200070.463997894,140.936
2023-08-01,1198341.380550675,144.7804
2023-09-01,1186370.154063934,147.845
2023-10-01,1183683.373294908,149.5933
2023-11-01,1214344.210291096,149.679
2023-12-01,1238541.063446212,143.9815
2024-01-01,1235945.27645905,146.2943
2024-02-01,1225778.809437391,149.615
2024-03-01,1230377.1355098053,149.8186
2024-04-01,1216227.9433712107,153.89
2024-05-01,1167701.97725895,155.8691
2024-06-01,1168095.827470184,157.86
2024-07-01,1153084.381144116,157.5182
2024-08-01,1167387.733066436,146.2641
2024-09-01,1183364.812656576,142.954
2024-10-01,1164583.782173946,149.8909
2024-11-01,1166892.438160896,153.7126
2024-12-01,1159702.3790689,153.8143
2025-01-01,1164145.9100451907,156.4819
2025-02-01,1176183.248308768,151.5716
2025-03-01,1187782.705264822,149.0576
2025-04-01,1208435.903608756,144.1286
2025-05-01,1208991.50528438,144.8762
2025-06-01,1224366.532906018,144.4835
2025-07-01,1214710.699894046,147.2014
2025-08-01,1230940.612062394,147.4786
2025-09-01,1237223.436727542,147.8629
2025-10-01,1238268.992928197,151.3545
2025-11-01,1245364.309428451,155.1411
2025-12-01,1252602.947078303,155.915
2026-01-01,1259248.089402852,156.6505
2026-02-01,1268655.921153098,155.1016
2026-03-01,1249391.083460043,158.6827
2026-04-01,1257568.562337588,159.1173
2026-05-01,1182228.354249704,158.153
2026-06-01,1177971.006308592,160.77
2026-07-01,1177578.567719562,162.3295
2026-08-01,1083420.490020889,158.8476
