quarter_yyyyqq,currency_and_deposits,foreign_currency_deposits,investment_trusts,outward_portfolio_investment,total_financial_assets
199704,6956391,12323,254390,49842,12851274
199801,6940141,12942,248595,53296,12864344
199802,7063757,13285,263276,52701,13003423
199803,7071120,15533,264922,55366,12905198
199804,7273279,18137,261306,46233,13149797
199901,7237920,18838,262827,55697,13277740
199902,7333220,18999,281382,56529,13531177
199903,7332847,26079,263716,65368,13638335
199904,7509923,29254,293958,46606,14016299
200001,7447381,31079,319171,47412,14011111
200002,7510841,34920,330553,49907,14017132
200003,7467226,37225,339198,51844,14046970
200004,7589638,38378,337139,62900,14088682
200101,7514288,37682,339227,59472,13941409
200102,7618032,37337,361332,69627,14116321
200103,7551232,40352,325358,74036,13703868
200104,7705674,39064,320901,81093,13876456
200201,7654295,41670,303811,85206,14175986
200202,7745596,43278,295171,93859,14266569
200203,7672300,45789,290546,99183,14120487
200204,7823591,46585,284484,72993,14193201
200301,7656957,48312,279548,74140,14092572
200302,7742830,50675,294651,89721,14322295
200303,7682518,54808,310718,70931,14420178
200304,7804270,57720,317670,70603,14578928
200401,7723379,57574,340547,69120,14519866
200402,7793502,56894,346485,73188,14666823
200403,7718700,56340,350061,83817,14532864
200404,7833854,58839,366595,77381,14697166
200501,7893562,65437,389291,163511,15363029
200502,7940857,62391,412206,169184,15451425
200503,7876505,59265,452828,174655,15635336
200504,7992704,53653,509195,179453,16270805
200601,7858649,51051,538348,176762,16160091
200602,7901264,51143,537117,173862,16048193
200603,7831606,50429,577156,178374,16052467
200604,7962431,48006,639893,184061,16407165
200701,7867106,45595,680210,180359,16329845
200702,7955633,43464,753811,182165,16524438
200703,7882546,46567,752633,178870,16284529
200704,8042599,48022,748340,176384,15969994
200801,7945029,53008,654070,161901,15460683
200802,8031429,54535,685031,174803,15640664
200803,7973229,53184,605204,161925,15283777
200804,8115536,54955,485552,146896,15162197
200901,8058842,57481,479633,149528,15050182
200902,8158662,57645,532906,157913,15413053
200903,8093133,57211,555647,155250,15368497
200904,8236297,58739,576235,153955,15464629
201001,8182328,58656,594965,154160,15467853
201002,8272667,57551,555388,144513,15389939
201003,8207800,59863,583965,150729,15354257
201004,8360219,59736,593716,148764,15639107
201101,8317557,62126,609330,158104,15593217
201102,8445535,62658,612508,160424,15708450
201103,8394079,62180,533856,150755,15462110
201104,8553011,62125,526529,160505,15667685
201201,8511778,64310,567920,176570,15835681
201202,8608831,63218,527466,170251,15831082
201203,8565788,62940,531571,176432,15776058
201204,8732955,65409,576032,191729,16223929
201301,8670603,67460,650814,189475,16533728
201302,8797697,67245,651139,173531,16755157
201303,8753793,66078,669535,176221,16780307
201304,8945407,65126,704988,187612,17081298
201401,8851302,65309,693511,189162,16834692
201402,8948238,64466,716308,196107,17063373
201403,8914265,62591,743890,196920,17167469
201404,9110840,60794,796673,198703,17590546
201501,9040674,59015,808841,199556,17624606
201502,9157726,57211,828348,196144,17813703
201503,9101600,56869,754100,181075,17447489
201504,9277086,57446,780304,184566,17867447
201601,9192849,56705,733103,185339,17614833
201602,9282214,56226,682883,185610,17550660
201603,9246875,58531,684577,190922,17611970
201604,9453439,59794,726514,207761,17980835
201701,9404686,59189,720689,209839,17974298
201702,9527332,61135,723517,216966,18228624
201703,9510432,62466,733082,224884,18321543
201704,9701354,62749,754738,222827,18715653
201801,9608520,65681,722043,219103,18602197
201802,9725787,67111,724766,219365,18775213
201803,9696281,67371,735380,226486,18887718
201804,9856338,66633,668129,217105,18487200
201901,9798659,69169,705612,226103,18599368
201902,9909747,71343,701004,226277,18665599
201903,9859507,73738,706155,226714,18681718
201904,10079018,75462,734268,230542,19023808
202001,10008872,74086,627001,208911,18298116
202002,10314797,75817,684099,220666,18853765
202003,10350619,78590,714916,228874,19052492
202004,10572163,81660,767413,232051,19491223
202101,10579871,79360,820359,239082,19873664
202102,10730460,75618,863848,249186,20100759
202103,10729042,74368,874007,247468,20195251
202104,10936084,72635,915826,269525,20632231
202201,10887244,71652,908612,273031,20474662
202202,11027855,68313,865028,259817,20503257
202203,11001282,67092,862262,257397,20486202
202204,11167078,65124,867200,249481,20667095
202301,11062103,65202,907876,267097,20891764
202302,11178533,67107,1006952,291940,21538871
202303,11134193,68004,1016515,291254,21604384
202304,11279203,68100,1065301,302940,21719727
202401,11188105,68424,1201105,345324,22075354
202402,11273036,71853,1287236,385936,22373704
202403,11166581,70000,1260452,369741,21974108
202404,11346349,73634,1362150,404321,22468724
202501,11197203,72793,1314999,378570,22267768
202502,11263598,73001,1413275,406920,22685151
202503,11221230,74046,1535208,451756,23179489
202504,11399381,75146,1661559,473920,23916628
202601,11257015,76270,1652438,464604,24063427
202602,11315943,77424,1933357,533736,25191289
